Strike_R	Strike	IRONCLAD	ATTACK	1	Deal 6 damage.	images/1024Portraits/red/attack/strike.png	6	0	0	false	false	src/main/java/com/megacrit/cardcrawl/cards/red/Strike_Red.java	false
Strike_R+	Strike+	IRONCLAD	ATTACK	1	Deal 9 damage.	images/1024Portraits/red/attack/strike.png	9	0	0	false	false	src/main/java/com/megacrit/cardcrawl/cards/red/Strike_Red.java	false
Defend_R	Defend	IRONCLAD	SKILL	1	Gain 5 Block.	images/1024Portraits/red/skill/defend.png	0	5	0	false	false	src/main/java/com/megacrit/cardcrawl/cards/red/Defend_Red.java	false
Defend_R+	Defend+	IRONCLAD	SKILL	1	Gain 8 Block.	images/1024Portraits/red/skill/defend.png	0	8	0	false	false	src/main/java/com/megacrit/cardcrawl/cards/red/Defend_Red.java	false
Bash	Bash	IRONCLAD	ATTACK	2	Deal 8 damage. Apply 2 Vulnerable.	images/1024Portraits/red/attack/bash.png	8	0	2	false	false	src/main/java/com/megacrit/cardcrawl/cards/red/Bash.java	false
Bash+	Bash+	IRONCLAD	ATTACK	2	Deal 10 damage. Apply 3 Vulnerable.	images/1024Portraits/red/attack/bash.png	10	0	3	false	false	src/main/java/com/megacrit/cardcrawl/cards/red/Bash.java	false
Anger	Anger	IRONCLAD	ATTACK	0	Deal 6 damage. Add a copy of this card into your discard pile.	images/1024Portraits/red/attack/anger.png	6	0	0	false	false	src/main/java/com/megacrit/cardcrawl/cards/red/Anger.java	false
Anger+	Anger+	IRONCLAD	ATTACK	0	Deal 8 damage. Add a copy of this card into your discard pile.	images/1024Portraits/red/attack/anger.png	8	0	0	false	false	src/main/java/com/megacrit/cardcrawl/cards/red/Anger.java	false
Iron Wave	Iron Wave	IRONCLAD	ATTACK	1	Gain 5 Block. Deal 5 damage.	images/1024Portraits/red/attack/iron_wave.png	5	5	0	false	false	src/main/java/com/megacrit/cardcrawl/cards/red/IronWave.java	false
Iron Wave+	Iron Wave+	IRONCLAD	ATTACK	1	Gain 7 Block. Deal 7 damage.	images/1024Portraits/red/attack/iron_wave.png	7	7	0	false	false	src/main/java/com/megacrit/cardcrawl/cards/red/IronWave.java	false
Twin Strike	Twin Strike	IRONCLAD	ATTACK	1	Deal 5 damage twice.	images/1024Portraits/red/attack/twin_strike.png	5	0	0	false	false	src/main/java/com/megacrit/cardcrawl/cards/red/TwinStrike.java	false
Twin Strike+	Twin Strike+	IRONCLAD	ATTACK	1	Deal 7 damage twice.	images/1024Portraits/red/attack/twin_strike.png	7	0	0	false	false	src/main/java/com/megacrit/cardcrawl/cards/red/TwinStrike.java	false
Cleave	Cleave	IRONCLAD	ATTACK	1	Deal 8 damage to ALL enemies.	images/1024Portraits/red/attack/cleave.png	8	0	0	false	false	src/main/java/com/megacrit/cardcrawl/cards/red/Cleave.java	false
Cleave+	Cleave+	IRONCLAD	ATTACK	1	Deal 11 damage to ALL enemies.	images/1024Portraits/red/attack/cleave.png	11	0	0	false	false	src/main/java/com/megacrit/cardcrawl/cards/red/Cleave.java	false
Pommel Strike	Pommel Strike	IRONCLAD	ATTACK	1	Deal 9 damage. Draw 1 card.	images/1024Portraits/red/attack/pommel_strike.png	9	0	1	false	false	src/main/java/com/megacrit/cardcrawl/cards/red/PommelStrike.java	false
Pommel Strike+	Pommel Strike+	IRONCLAD	ATTACK	1	Deal 10 damage. Draw 2 cards.	images/1024Portraits/red/attack/pommel_strike.png	10	0	2	false	false	src/main/java/com/megacrit/cardcrawl/cards/red/PommelStrike.java	false
Shrug It Off	Shrug It Off	IRONCLAD	SKILL	1	Gain 8 Block. Draw 1 card.	images/1024Portraits/red/skill/shrug_it_off.png	0	8	0	false	false	src/main/java/com/megacrit/cardcrawl/cards/red/ShrugItOff.java	false
Shrug It Off+	Shrug It Off+	IRONCLAD	SKILL	1	Gain 11 Block. Draw 1 card.	images/1024Portraits/red/skill/shrug_it_off.png	0	11	0	false	false	src/main/java/com/megacrit/cardcrawl/cards/red/ShrugItOff.java	false
Battle Trance	Battle Trance	IRONCLAD	SKILL	0	Draw 3 cards. You cannot draw additional cards this turn.	images/1024Portraits/red/skill/battle_trance.png	0	0	3	false	false	src/main/java/com/megacrit/cardcrawl/cards/red/BattleTrance.java	false
Battle Trance+	Battle Trance+	IRONCLAD	SKILL	0	Draw 4 cards. You cannot draw additional cards this turn.	images/1024Portraits/red/skill/battle_trance.png	0	0	4	false	false	src/main/java/com/megacrit/cardcrawl/cards/red/BattleTrance.java	false
Inflame	Inflame	IRONCLAD	POWER	1	Gain 2 Strength.	images/1024Portraits/red/power/inflame.png	0	0	2	false	false	src/main/java/com/megacrit/cardcrawl/cards/red/Inflame.java	false
Inflame+	Inflame+	IRONCLAD	POWER	1	Gain 3 Strength.	images/1024Portraits/red/power/inflame.png	0	0	3	false	false	src/main/java/com/megacrit/cardcrawl/cards/red/Inflame.java	false
Metallicize	Metallicize	IRONCLAD	POWER	1	At the end of your turn, gain 3 Block.	images/1024Portraits/red/power/metallicize.png	0	0	3	false	false	src/main/java/com/megacrit/cardcrawl/cards/red/Metallicize.java	false
Metallicize+	Metallicize+	IRONCLAD	POWER	1	At the end of your turn, gain 4 Block.	images/1024Portraits/red/power/metallicize.png	0	0	4	false	false	src/main/java/com/megacrit/cardcrawl/cards/red/Metallicize.java	false
Seeing Red	Seeing Red	IRONCLAD	SKILL	1	Gain Energy Energy. Exhaust.	images/1024Portraits/red/skill/seeing_red.png	0	0	0	true	false	src/main/java/com/megacrit/cardcrawl/cards/red/SeeingRed.java	false
Seeing Red+	Seeing Red+	IRONCLAD	SKILL	0	Gain Energy Energy. Exhaust.	images/1024Portraits/red/skill/seeing_red.png	0	0	0	true	false	src/main/java/com/megacrit/cardcrawl/cards/red/SeeingRed.java	false
Bloodletting	Bloodletting	IRONCLAD	SKILL	0	Lose 3 HP. Gain Energy Energy.	images/1024Portraits/red/skill/bloodletting.png	0	0	2	false	false	src/main/java/com/megacrit/cardcrawl/cards/red/Bloodletting.java	false
Bloodletting+	Bloodletting+	IRONCLAD	SKILL	0	Lose 3 HP. Gain Energy Energy Energy.	images/1024Portraits/red/skill/bloodletting.png	0	0	3	false	false	src/main/java/com/megacrit/cardcrawl/cards/red/Bloodletting.java	false
Impervious	Impervious	IRONCLAD	SKILL	2	Gain 30 Block. Exhaust.	images/1024Portraits/red/skill/impervious.png	0	30	0	true	false	src/main/java/com/megacrit/cardcrawl/cards/red/Impervious.java	false
Impervious+	Impervious+	IRONCLAD	SKILL	2	Gain 40 Block. Exhaust.	images/1024Portraits/red/skill/impervious.png	0	40	0	true	false	src/main/java/com/megacrit/cardcrawl/cards/red/Impervious.java	false
Heavy Blade	Heavy Blade	IRONCLAD	ATTACK	2	Deal 14 damage. Strength affects this card 3 times.	images/1024Portraits/red/attack/heavy_blade.png	14	0	3	false	false	src/main/java/com/megacrit/cardcrawl/cards/red/HeavyBlade.java	false
Heavy Blade+	Heavy Blade+	IRONCLAD	ATTACK	2	Deal 14 damage. Strength affects this card 5 times.	images/1024Portraits/red/attack/heavy_blade.png	14	0	5	false	false	src/main/java/com/megacrit/cardcrawl/cards/red/HeavyBlade.java	false
Clothesline	Clothesline	IRONCLAD	ATTACK	2	Deal 12 damage. Apply 2 Weak.	images/1024Portraits/red/attack/clothesline.png	12	0	2	false	false	src/main/java/com/megacrit/cardcrawl/cards/red/Clothesline.java	false
Clothesline+	Clothesline+	IRONCLAD	ATTACK	2	Deal 14 damage. Apply 3 Weak.	images/1024Portraits/red/attack/clothesline.png	14	0	3	false	false	src/main/java/com/megacrit/cardcrawl/cards/red/Clothesline.java	false
Thunderclap	Thunderclap	IRONCLAD	ATTACK	1	Deal 4 damage and apply 1 Vulnerable to ALL enemies.	images/1024Portraits/red/attack/thunder_clap.png	4	0	0	false	false	src/main/java/com/megacrit/cardcrawl/cards/red/Thunderclap.java	false
Thunderclap+	Thunderclap+	IRONCLAD	ATTACK	1	Deal 7 damage and apply 1 Vulnerable to ALL enemies.	images/1024Portraits/red/attack/thunder_clap.png	7	0	0	false	false	src/main/java/com/megacrit/cardcrawl/cards/red/Thunderclap.java	false
Uppercut	Uppercut	IRONCLAD	ATTACK	2	Deal 13 damage. Apply 1 Weak. Apply 1 Vulnerable.	images/1024Portraits/red/attack/uppercut.png	13	0	1	false	false	src/main/java/com/megacrit/cardcrawl/cards/red/Uppercut.java	false
Uppercut+	Uppercut+	IRONCLAD	ATTACK	2	Deal 13 damage. Apply 2 Weak. Apply 2 Vulnerable.	images/1024Portraits/red/attack/uppercut.png	13	0	2	false	false	src/main/java/com/megacrit/cardcrawl/cards/red/Uppercut.java	false
Pummel	Pummel	IRONCLAD	ATTACK	1	Deal 2 damage 4 times. Exhaust.	images/1024Portraits/red/attack/pummel.png	2	0	4	true	false	src/main/java/com/megacrit/cardcrawl/cards/red/Pummel.java	false
Pummel+	Pummel+	IRONCLAD	ATTACK	1	Deal 2 damage 5 times. Exhaust.	images/1024Portraits/red/attack/pummel.png	2	0	5	true	false	src/main/java/com/megacrit/cardcrawl/cards/red/Pummel.java	false
Bludgeon	Bludgeon	IRONCLAD	ATTACK	3	Deal 32 damage.	images/1024Portraits/red/attack/bludgeon.png	32	0	0	false	false	src/main/java/com/megacrit/cardcrawl/cards/red/Bludgeon.java	false
Bludgeon+	Bludgeon+	IRONCLAD	ATTACK	3	Deal 42 damage.	images/1024Portraits/red/attack/bludgeon.png	42	0	0	false	false	src/main/java/com/megacrit/cardcrawl/cards/red/Bludgeon.java	false
Carnage	Carnage	IRONCLAD	ATTACK	2	Ethereal. Deal 20 damage.	images/1024Portraits/red/attack/carnage.png	20	0	0	false	false	src/main/java/com/megacrit/cardcrawl/cards/red/Carnage.java	true
Carnage+	Carnage+	IRONCLAD	ATTACK	2	Ethereal. Deal 28 damage.	images/1024Portraits/red/attack/carnage.png	28	0	0	false	false	src/main/java/com/megacrit/cardcrawl/cards/red/Carnage.java	true
Sword Boomerang	Sword Boomerang	IRONCLAD	ATTACK	1	Deal 3 damage to a random enemy 3 times.	images/1024Portraits/red/attack/sword_boomerang.png	3	0	3	false	false	src/main/java/com/megacrit/cardcrawl/cards/red/SwordBoomerang.java	false
Sword Boomerang+	Sword Boomerang+	IRONCLAD	ATTACK	1	Deal 3 damage to a random enemy 4 times.	images/1024Portraits/red/attack/sword_boomerang.png	3	0	4	false	false	src/main/java/com/megacrit/cardcrawl/cards/red/SwordBoomerang.java	false
Hemokinesis	Hemokinesis	IRONCLAD	ATTACK	1	Lose 2 HP. Deal 15 damage.	images/1024Portraits/red/attack/hemokinesis.png	15	0	2	false	false	src/main/java/com/megacrit/cardcrawl/cards/red/Hemokinesis.java	false
Hemokinesis+	Hemokinesis+	IRONCLAD	ATTACK	1	Lose 2 HP. Deal 20 damage.	images/1024Portraits/red/attack/hemokinesis.png	20	0	2	false	false	src/main/java/com/megacrit/cardcrawl/cards/red/Hemokinesis.java	false
Dropkick	Dropkick	IRONCLAD	ATTACK	1	Deal 5 damage. If the enemy has Vulnerable, gain Energy and draw 1 card.	images/1024Portraits/red/attack/drop_kick.png	5	0	0	false	false	src/main/java/com/megacrit/cardcrawl/cards/red/Dropkick.java	false
Dropkick+	Dropkick+	IRONCLAD	ATTACK	1	Deal 8 damage. If the enemy has Vulnerable, gain Energy and draw 1 card.	images/1024Portraits/red/attack/drop_kick.png	8	0	0	false	false	src/main/java/com/megacrit/cardcrawl/cards/red/Dropkick.java	false
Flex	Flex	IRONCLAD	SKILL	0	Gain 2 Strength. At the end of this turn, lose 2 Strength.	images/1024Portraits/red/skill/flex.png	0	0	2	false	false	src/main/java/com/megacrit/cardcrawl/cards/red/Flex.java	false
Flex+	Flex+	IRONCLAD	SKILL	0	Gain 4 Strength. At the end of this turn, lose 4 Strength.	images/1024Portraits/red/skill/flex.png	0	0	4	false	false	src/main/java/com/megacrit/cardcrawl/cards/red/Flex.java	false
Limit Break	Limit Break	IRONCLAD	SKILL	1	Double your Strength. Exhaust.	images/1024Portraits/red/skill/limit_break.png	0	0	0	true	false	src/main/java/com/megacrit/cardcrawl/cards/red/LimitBreak.java	false
Limit Break+	Limit Break+	IRONCLAD	SKILL	1	Double your Strength.	images/1024Portraits/red/skill/limit_break.png	0	0	0	false	false	src/main/java/com/megacrit/cardcrawl/cards/red/LimitBreak.java	false
Shockwave	Shockwave	IRONCLAD	SKILL	2	Apply 3 Weak and Vulnerable to ALL enemies. Exhaust.	images/1024Portraits/red/skill/shockwave.png	0	0	3	true	false	src/main/java/com/megacrit/cardcrawl/cards/red/Shockwave.java	false
Shockwave+	Shockwave+	IRONCLAD	SKILL	2	Apply 5 Weak and Vulnerable to ALL enemies. Exhaust.	images/1024Portraits/red/skill/shockwave.png	0	0	5	true	false	src/main/java/com/megacrit/cardcrawl/cards/red/Shockwave.java	false
Intimidate	Intimidate	IRONCLAD	SKILL	0	Apply 1 Weak to ALL enemies. Exhaust.	images/1024Portraits/red/skill/intimidate.png	0	0	1	true	false	src/main/java/com/megacrit/cardcrawl/cards/red/Intimidate.java	false
Intimidate+	Intimidate+	IRONCLAD	SKILL	0	Apply 2 Weak to ALL enemies. Exhaust.	images/1024Portraits/red/skill/intimidate.png	0	0	2	true	false	src/main/java/com/megacrit/cardcrawl/cards/red/Intimidate.java	false
Disarm	Disarm	IRONCLAD	SKILL	1	Enemy loses 2 Strength. Exhaust.	images/1024Portraits/red/skill/disarm.png	0	0	2	true	false	src/main/java/com/megacrit/cardcrawl/cards/red/Disarm.java	false
Disarm+	Disarm+	IRONCLAD	SKILL	1	Enemy loses 3 Strength. Exhaust.	images/1024Portraits/red/skill/disarm.png	0	0	3	true	false	src/main/java/com/megacrit/cardcrawl/cards/red/Disarm.java	false
Entrench	Entrench	IRONCLAD	SKILL	2	Double your Block.	images/1024Portraits/red/skill/entrench.png	0	0	0	false	false	src/main/java/com/megacrit/cardcrawl/cards/red/Entrench.java	false
Entrench+	Entrench+	IRONCLAD	SKILL	1	Double your Block.	images/1024Portraits/red/skill/entrench.png	0	0	0	false	false	src/main/java/com/megacrit/cardcrawl/cards/red/Entrench.java	false
Flame Barrier	Flame Barrier	IRONCLAD	SKILL	2	Gain 12 Block. Whenever you are attacked this turn, deal 4 damage back.	images/1024Portraits/red/skill/flame_barrier.png	0	12	4	false	false	src/main/java/com/megacrit/cardcrawl/cards/red/FlameBarrier.java	false
Flame Barrier+	Flame Barrier+	IRONCLAD	SKILL	2	Gain 16 Block. Whenever you are attacked this turn, deal 6 damage back.	images/1024Portraits/red/skill/flame_barrier.png	0	16	6	false	false	src/main/java/com/megacrit/cardcrawl/cards/red/FlameBarrier.java	false
Rage	Rage	IRONCLAD	SKILL	0	Whenever you play an Attack this turn, gain 3 Block.	images/1024Portraits/red/skill/rage.png	0	0	3	false	false	src/main/java/com/megacrit/cardcrawl/cards/red/Rage.java	false
Rage+	Rage+	IRONCLAD	SKILL	0	Whenever you play an Attack this turn, gain 5 Block.	images/1024Portraits/red/skill/rage.png	0	0	5	false	false	src/main/java/com/megacrit/cardcrawl/cards/red/Rage.java	false
Rupture	Rupture	IRONCLAD	POWER	1	Whenever you lose HP from a card, gain 1 Strength.	images/1024Portraits/red/power/rupture.png	0	0	1	false	false	src/main/java/com/megacrit/cardcrawl/cards/red/Rupture.java	false
Rupture+	Rupture+	IRONCLAD	POWER	1	Whenever you lose HP from a card, gain 2 Strength.	images/1024Portraits/red/power/rupture.png	0	0	2	false	false	src/main/java/com/megacrit/cardcrawl/cards/red/Rupture.java	false
Berserk	Berserk	IRONCLAD	POWER	0	Gain 2 Vulnerable. At the start of your turn, gain Energy.	images/1024Portraits/red/power/berserk.png	0	0	2	false	false	src/main/java/com/megacrit/cardcrawl/cards/red/Berserk.java	false
Berserk+	Berserk+	IRONCLAD	POWER	0	Gain 1 Vulnerable. At the start of your turn, gain Energy.	images/1024Portraits/red/power/berserk.png	0	0	1	false	false	src/main/java/com/megacrit/cardcrawl/cards/red/Berserk.java	false
Barricade	Barricade	IRONCLAD	POWER	3	Block is not removed at the start of your turn.	images/1024Portraits/red/power/barricade.png	0	0	0	false	false	src/main/java/com/megacrit/cardcrawl/cards/red/Barricade.java	false
Barricade+	Barricade+	IRONCLAD	POWER	2	Block is not removed at the start of your turn.	images/1024Portraits/red/power/barricade.png	0	0	0	false	false	src/main/java/com/megacrit/cardcrawl/cards/red/Barricade.java	false
Juggernaut	Juggernaut	IRONCLAD	POWER	2	Whenever you gain Block, deal 5 damage to a random enemy.	images/1024Portraits/red/power/juggernaut.png	0	0	5	false	false	src/main/java/com/megacrit/cardcrawl/cards/red/Juggernaut.java	false
Juggernaut+	Juggernaut+	IRONCLAD	POWER	2	Whenever you gain Block, deal 7 damage to a random enemy.	images/1024Portraits/red/power/juggernaut.png	0	0	7	false	false	src/main/java/com/megacrit/cardcrawl/cards/red/Juggernaut.java	false
Brutality	Brutality	IRONCLAD	POWER	0	At the start of your turn, lose 1 HP and draw 1 card.	images/1024Portraits/red/power/brutality.png	0	0	0	false	false	src/main/java/com/megacrit/cardcrawl/cards/red/Brutality.java	false
Brutality+	Brutality+	IRONCLAD	POWER	0	Innate. At the start of your turn, lose 1 HP and draw 1 card.	images/1024Portraits/red/power/brutality.png	0	0	0	false	true	src/main/java/com/megacrit/cardcrawl/cards/red/Brutality.java	false
Combust	Combust	IRONCLAD	POWER	1	At the end of your turn, lose 1 HP and deal 5 damage to ALL enemies.	images/1024Portraits/red/power/combust.png	0	0	5	false	false	src/main/java/com/megacrit/cardcrawl/cards/red/Combust.java	false
Combust+	Combust+	IRONCLAD	POWER	1	At the end of your turn, lose 1 HP and deal 7 damage to ALL enemies.	images/1024Portraits/red/power/combust.png	0	0	7	false	false	src/main/java/com/megacrit/cardcrawl/cards/red/Combust.java	false
Feel No Pain	Feel No Pain	IRONCLAD	POWER	1	Whenever a card is Exhausted, gain 3 Block.	images/1024Portraits/red/power/feel_no_pain.png	0	0	3	false	false	src/main/java/com/megacrit/cardcrawl/cards/red/FeelNoPain.java	false
Feel No Pain+	Feel No Pain+	IRONCLAD	POWER	1	Whenever a card is Exhausted, gain 4 Block.	images/1024Portraits/red/power/feel_no_pain.png	0	0	4	false	false	src/main/java/com/megacrit/cardcrawl/cards/red/FeelNoPain.java	false
Dark Embrace	Dark Embrace	IRONCLAD	POWER	2	Whenever a card is Exhausted, draw 1 card.	images/1024Portraits/red/power/dark_embrace.png	0	0	0	false	false	src/main/java/com/megacrit/cardcrawl/cards/red/DarkEmbrace.java	false
Dark Embrace+	Dark Embrace+	IRONCLAD	POWER	1	Whenever a card is Exhausted, draw 1 card.	images/1024Portraits/red/power/dark_embrace.png	0	0	0	false	false	src/main/java/com/megacrit/cardcrawl/cards/red/DarkEmbrace.java	false
Demon Form	Demon Form	IRONCLAD	POWER	3	At the start of your turn, gain 2 Strength.	images/1024Portraits/red/power/demon_form.png	0	0	2	false	false	src/main/java/com/megacrit/cardcrawl/cards/red/DemonForm.java	false
Demon Form+	Demon Form+	IRONCLAD	POWER	3	At the start of your turn, gain 3 Strength.	images/1024Portraits/red/power/demon_form.png	0	0	3	false	false	src/main/java/com/megacrit/cardcrawl/cards/red/DemonForm.java	false
Strike_G	Strike	SILENT	ATTACK	1	Deal 6 damage.	images/1024Portraits/green/attack/strike.png	6	0	0	false	false	src/main/java/com/megacrit/cardcrawl/cards/green/Strike_Green.java	false
Strike_G+	Strike+	SILENT	ATTACK	1	Deal 9 damage.	images/1024Portraits/green/attack/strike.png	9	0	0	false	false	src/main/java/com/megacrit/cardcrawl/cards/green/Strike_Green.java	false
Defend_G	Defend	SILENT	SKILL	1	Gain 5 Block.	images/1024Portraits/green/skill/defend.png	0	5	0	false	false	src/main/java/com/megacrit/cardcrawl/cards/green/Defend_Green.java	false
Defend_G+	Defend+	SILENT	SKILL	1	Gain 8 Block.	images/1024Portraits/green/skill/defend.png	0	8	0	false	false	src/main/java/com/megacrit/cardcrawl/cards/green/Defend_Green.java	false
Neutralize	Neutralize	SILENT	ATTACK	0	Deal 3 damage. Apply 1 Weak.	images/1024Portraits/green/attack/neutralize.png	3	0	1	false	false	src/main/java/com/megacrit/cardcrawl/cards/green/Neutralize.java	false
Neutralize+	Neutralize+	SILENT	ATTACK	0	Deal 4 damage. Apply 2 Weak.	images/1024Portraits/green/attack/neutralize.png	4	0	2	false	false	src/main/java/com/megacrit/cardcrawl/cards/green/Neutralize.java	false
Dagger Spray	Dagger Spray	SILENT	ATTACK	1	Deal 4 damage to ALL enemies twice.	images/1024Portraits/green/attack/dagger_spray.png	4	0	0	false	false	src/main/java/com/megacrit/cardcrawl/cards/green/DaggerSpray.java	false
Dagger Spray+	Dagger Spray+	SILENT	ATTACK	1	Deal 6 damage to ALL enemies twice.	images/1024Portraits/green/attack/dagger_spray.png	6	0	0	false	false	src/main/java/com/megacrit/cardcrawl/cards/green/DaggerSpray.java	false
Poisoned Stab	Poisoned Stab	SILENT	ATTACK	1	Deal 6 damage. Apply 3 Poison.	images/1024Portraits/green/attack/poisoned_stab.png	6	0	3	false	false	src/main/java/com/megacrit/cardcrawl/cards/green/PoisonedStab.java	false
Poisoned Stab+	Poisoned Stab+	SILENT	ATTACK	1	Deal 8 damage. Apply 4 Poison.	images/1024Portraits/green/attack/poisoned_stab.png	8	0	4	false	false	src/main/java/com/megacrit/cardcrawl/cards/green/PoisonedStab.java	false
Deadly Poison	Deadly Poison	SILENT	SKILL	1	Apply 5 Poison.	images/1024Portraits/green/skill/deadly_poison.png	0	0	5	false	false	src/main/java/com/megacrit/cardcrawl/cards/green/DeadlyPoison.java	false
Deadly Poison+	Deadly Poison+	SILENT	SKILL	1	Apply 7 Poison.	images/1024Portraits/green/skill/deadly_poison.png	0	0	7	false	false	src/main/java/com/megacrit/cardcrawl/cards/green/DeadlyPoison.java	false
Backflip	Backflip	SILENT	SKILL	1	Gain 5 Block. Draw 2 cards.	images/1024Portraits/green/skill/backflip.png	0	5	0	false	false	src/main/java/com/megacrit/cardcrawl/cards/green/Backflip.java	false
Backflip+	Backflip+	SILENT	SKILL	1	Gain 8 Block. Draw 2 cards.	images/1024Portraits/green/skill/backflip.png	0	8	0	false	false	src/main/java/com/megacrit/cardcrawl/cards/green/Backflip.java	false
Dodge and Roll	Dodge and Roll	SILENT	SKILL	1	Gain 4 Block. Next turn, gain 4 Block.	images/1024Portraits/green/skill/dodge_and_roll.png	0	4	0	false	false	src/main/java/com/megacrit/cardcrawl/cards/green/DodgeAndRoll.java	false
Dodge and Roll+	Dodge and Roll+	SILENT	SKILL	1	Gain 6 Block. Next turn, gain 6 Block.	images/1024Portraits/green/skill/dodge_and_roll.png	0	6	0	false	false	src/main/java/com/megacrit/cardcrawl/cards/green/DodgeAndRoll.java	false
Footwork	Footwork	SILENT	POWER	1	Gain 2 Dexterity.	images/1024Portraits/green/power/footwork.png	0	0	2	false	false	src/main/java/com/megacrit/cardcrawl/cards/green/Footwork.java	false
Footwork+	Footwork+	SILENT	POWER	1	Gain 3 Dexterity.	images/1024Portraits/green/power/footwork.png	0	0	3	false	false	src/main/java/com/megacrit/cardcrawl/cards/green/Footwork.java	false
Noxious Fumes	Noxious Fumes	SILENT	POWER	1	At the start of your turn, apply 2 Poison to ALL enemies.	images/1024Portraits/green/power/noxious_fumes.png	0	0	2	false	false	src/main/java/com/megacrit/cardcrawl/cards/green/NoxiousFumes.java	false
Noxious Fumes+	Noxious Fumes+	SILENT	POWER	1	At the start of your turn, apply 3 Poison to ALL enemies.	images/1024Portraits/green/power/noxious_fumes.png	0	0	3	false	false	src/main/java/com/megacrit/cardcrawl/cards/green/NoxiousFumes.java	false
Slice	Slice	SILENT	ATTACK	0	Deal 6 damage.	images/1024Portraits/green/attack/slice.png	6	0	0	false	false	src/main/java/com/megacrit/cardcrawl/cards/green/Slice.java	false
Slice+	Slice+	SILENT	ATTACK	0	Deal 9 damage.	images/1024Portraits/green/attack/slice.png	9	0	0	false	false	src/main/java/com/megacrit/cardcrawl/cards/green/Slice.java	false
Bane	Bane	SILENT	ATTACK	1	Deal 7 damage. If the enemy has Poison, deal 7 damage again.	images/1024Portraits/green/attack/bane.png	7	0	0	false	false	src/main/java/com/megacrit/cardcrawl/cards/green/Bane.java	false
Bane+	Bane+	SILENT	ATTACK	1	Deal 10 damage. If the enemy has Poison, deal 10 damage again.	images/1024Portraits/green/attack/bane.png	10	0	0	false	false	src/main/java/com/megacrit/cardcrawl/cards/green/Bane.java	false
Outmaneuver	Outmaneuver	SILENT	SKILL	1	Next turn, gain Energy Energy.	images/1024Portraits/green/skill/outmaneuver.png	0	0	0	false	false	src/main/java/com/megacrit/cardcrawl/cards/green/Outmaneuver.java	false
Outmaneuver+	Outmaneuver+	SILENT	SKILL	1	Next turn, gain Energy Energy Energy.	images/1024Portraits/green/skill/outmaneuver.png	0	0	0	false	false	src/main/java/com/megacrit/cardcrawl/cards/green/Outmaneuver.java	false
Blur	Blur	SILENT	SKILL	1	Gain 5 Block. Block is not removed at the start of your next turn.	images/1024Portraits/green/skill/blur.png	0	5	0	false	false	src/main/java/com/megacrit/cardcrawl/cards/green/Blur.java	false
Blur+	Blur+	SILENT	SKILL	1	Gain 8 Block. Block is not removed at the start of your next turn.	images/1024Portraits/green/skill/blur.png	0	8	0	false	false	src/main/java/com/megacrit/cardcrawl/cards/green/Blur.java	false
Dash	Dash	SILENT	ATTACK	2	Gain 10 Block. Deal 10 damage.	images/1024Portraits/green/attack/dash.png	10	10	0	false	false	src/main/java/com/megacrit/cardcrawl/cards/green/Dash.java	false
Dash+	Dash+	SILENT	ATTACK	2	Gain 13 Block. Deal 13 damage.	images/1024Portraits/green/attack/dash.png	13	13	0	false	false	src/main/java/com/megacrit/cardcrawl/cards/green/Dash.java	false
Sucker Punch	Sucker Punch	SILENT	ATTACK	1	Deal 7 damage. Apply 1 Weak.	images/1024Portraits/green/attack/sucker_punch.png	7	0	1	false	false	src/main/java/com/megacrit/cardcrawl/cards/green/SuckerPunch.java	false
Sucker Punch+	Sucker Punch+	SILENT	ATTACK	1	Deal 9 damage. Apply 2 Weak.	images/1024Portraits/green/attack/sucker_punch.png	9	0	2	false	false	src/main/java/com/megacrit/cardcrawl/cards/green/SuckerPunch.java	false
Flying Knee	Flying Knee	SILENT	ATTACK	1	Deal 8 damage. Next turn, gain Energy.	images/1024Portraits/green/attack/flying_knee.png	8	0	0	false	false	src/main/java/com/megacrit/cardcrawl/cards/green/FlyingKnee.java	false
Flying Knee+	Flying Knee+	SILENT	ATTACK	1	Deal 11 damage. Next turn, gain Energy.	images/1024Portraits/green/attack/flying_knee.png	11	0	0	false	false	src/main/java/com/megacrit/cardcrawl/cards/green/FlyingKnee.java	false
Quick Slash	Quick Slash	SILENT	ATTACK	1	Deal 8 damage. Draw 1 card.	images/1024Portraits/green/attack/quick_slash.png	8	0	0	false	false	src/main/java/com/megacrit/cardcrawl/cards/green/QuickSlash.java	false
Quick Slash+	Quick Slash+	SILENT	ATTACK	1	Deal 12 damage. Draw 1 card.	images/1024Portraits/green/attack/quick_slash.png	12	0	0	false	false	src/main/java/com/megacrit/cardcrawl/cards/green/QuickSlash.java	false
Predator	Predator	SILENT	ATTACK	2	Deal 15 damage. Next turn, draw 2 additional cards.	images/1024Portraits/green/attack/predator.png	15	0	0	false	false	src/main/java/com/megacrit/cardcrawl/cards/green/Predator.java	false
Predator+	Predator+	SILENT	ATTACK	2	Deal 20 damage. Next turn, draw 2 additional cards.	images/1024Portraits/green/attack/predator.png	20	0	0	false	false	src/main/java/com/megacrit/cardcrawl/cards/green/Predator.java	false
Leg Sweep	Leg Sweep	SILENT	SKILL	2	Apply 2 Weak. Gain 11 Block.	images/1024Portraits/green/skill/leg_sweep.png	0	11	2	false	false	src/main/java/com/megacrit/cardcrawl/cards/green/LegSweep.java	false
Leg Sweep+	Leg Sweep+	SILENT	SKILL	2	Apply 3 Weak. Gain 14 Block.	images/1024Portraits/green/skill/leg_sweep.png	0	14	3	false	false	src/main/java/com/megacrit/cardcrawl/cards/green/LegSweep.java	false
Crippling Poison	Crippling Cloud	SILENT	SKILL	2	Apply 4 Poison and 2 Weak to ALL enemies. Exhaust.	images/1024Portraits/green/skill/crippling_poison.png	0	0	4	true	false	src/main/java/com/megacrit/cardcrawl/cards/green/CripplingPoison.java	false
Crippling Poison+	Crippling Cloud+	SILENT	SKILL	2	Apply 7 Poison and 2 Weak to ALL enemies. Exhaust.	images/1024Portraits/green/skill/crippling_poison.png	0	0	7	true	false	src/main/java/com/megacrit/cardcrawl/cards/green/CripplingPoison.java	false
PiercingWail	Piercing Wail	SILENT	SKILL	1	ALL enemies lose 6 Strength this turn. Exhaust.	images/1024Portraits/green/skill/piercing_wail.png	0	0	6	true	false	src/main/java/com/megacrit/cardcrawl/cards/green/PiercingWail.java	false
PiercingWail+	Piercing Wail+	SILENT	SKILL	1	ALL enemies lose 8 Strength this turn. Exhaust.	images/1024Portraits/green/skill/piercing_wail.png	0	0	8	true	false	src/main/java/com/megacrit/cardcrawl/cards/green/PiercingWail.java	false
Catalyst	Catalyst	SILENT	SKILL	1	Double the enemy's Poison. Exhaust.	images/1024Portraits/green/skill/catalyst.png	0	0	0	true	false	src/main/java/com/megacrit/cardcrawl/cards/green/Catalyst.java	false
Catalyst+	Catalyst+	SILENT	SKILL	1	Triple the enemy's Poison. Exhaust.	images/1024Portraits/green/skill/catalyst.png	0	0	0	true	false	src/main/java/com/megacrit/cardcrawl/cards/green/Catalyst.java	false
Caltrops	Caltrops	SILENT	POWER	1	Whenever you are attacked, deal 3 damage back.	images/1024Portraits/green/power/caltrops.png	0	0	3	false	false	src/main/java/com/megacrit/cardcrawl/cards/green/Caltrops.java	false
Caltrops+	Caltrops+	SILENT	POWER	1	Whenever you are attacked, deal 5 damage back.	images/1024Portraits/green/power/caltrops.png	0	0	5	false	false	src/main/java/com/megacrit/cardcrawl/cards/green/Caltrops.java	false
Wraith Form v2	Wraith Form	SILENT	POWER	3	Gain 2 Intangible. At the end of your turn, lose 1 Dexterity.	images/1024Portraits/green/power/wraith_form.png	0	0	2	false	false	src/main/java/com/megacrit/cardcrawl/cards/green/WraithForm.java	false
Wraith Form v2+	Wraith Form+	SILENT	POWER	3	Gain 3 Intangible. At the end of your turn, lose 1 Dexterity.	images/1024Portraits/green/power/wraith_form.png	0	0	3	false	false	src/main/java/com/megacrit/cardcrawl/cards/green/WraithForm.java	false
After Image	After Image	SILENT	POWER	1	Whenever you play a card, gain 1 Block.	images/1024Portraits/green/power/after_image.png	0	0	0	false	false	src/main/java/com/megacrit/cardcrawl/cards/green/AfterImage.java	false
After Image+	After Image+	SILENT	POWER	1	Innate. Whenever you play a card, gain 1 Block.	images/1024Portraits/green/power/after_image.png	0	0	0	false	true	src/main/java/com/megacrit/cardcrawl/cards/green/AfterImage.java	false
Envenom	Envenom	SILENT	POWER	2	Whenever an Attack deals unblocked damage, apply 1 Poison.	images/1024Portraits/green/power/envenom.png	0	0	0	false	false	src/main/java/com/megacrit/cardcrawl/cards/green/Envenom.java	false
Envenom+	Envenom+	SILENT	POWER	1	Whenever an Attack deals unblocked damage, apply 1 Poison.	images/1024Portraits/green/power/envenom.png	0	0	0	false	false	src/main/java/com/megacrit/cardcrawl/cards/green/Envenom.java	false
A Thousand Cuts	A Thousand Cuts	SILENT	POWER	2	Whenever you play a card, deal 1 damage to ALL enemies.	images/1024Portraits/green/power/a_thousand_cuts.png	0	0	1	false	false	src/main/java/com/megacrit/cardcrawl/cards/green/AThousandCuts.java	false
A Thousand Cuts+	A Thousand Cuts+	SILENT	POWER	2	Whenever you play a card, deal 2 damage to ALL enemies.	images/1024Portraits/green/power/a_thousand_cuts.png	0	0	2	false	false	src/main/java/com/megacrit/cardcrawl/cards/green/AThousandCuts.java	false
Strike_B	Strike	DEFECT	ATTACK	1	Deal 6 damage.	images/1024Portraits/blue/attack/strike.png	6	0	0	false	false	src/main/java/com/megacrit/cardcrawl/cards/blue/Strike_Blue.java	false
Strike_B+	Strike+	DEFECT	ATTACK	1	Deal 9 damage.	images/1024Portraits/blue/attack/strike.png	9	0	0	false	false	src/main/java/com/megacrit/cardcrawl/cards/blue/Strike_Blue.java	false
Defend_B	Defend	DEFECT	SKILL	1	Gain 5 Block.	images/1024Portraits/blue/skill/defend.png	0	5	0	false	false	src/main/java/com/megacrit/cardcrawl/cards/blue/Defend_Blue.java	false
Defend_B+	Defend+	DEFECT	SKILL	1	Gain 8 Block.	images/1024Portraits/blue/skill/defend.png	0	8	0	false	false	src/main/java/com/megacrit/cardcrawl/cards/blue/Defend_Blue.java	false
Zap	Zap	DEFECT	SKILL	1	Channel 1 Lightning.	images/1024Portraits/blue/skill/zap.png	0	0	1	false	false	src/main/java/com/megacrit/cardcrawl/cards/blue/Zap.java	false
Zap+	Zap+	DEFECT	SKILL	0	Channel 1 Lightning.	images/1024Portraits/blue/skill/zap.png	0	0	1	false	false	src/main/java/com/megacrit/cardcrawl/cards/blue/Zap.java	false
Dualcast	Dualcast	DEFECT	SKILL	1	Evoke your next Orb twice.	images/1024Portraits/blue/skill/dualcast.png	0	0	0	false	false	src/main/java/com/megacrit/cardcrawl/cards/blue/Dualcast.java	false
Dualcast+	Dualcast+	DEFECT	SKILL	0	Evoke your next Orb twice.	images/1024Portraits/blue/skill/dualcast.png	0	0	0	false	false	src/main/java/com/megacrit/cardcrawl/cards/blue/Dualcast.java	false
Ball Lightning	Ball Lightning	DEFECT	ATTACK	1	Deal 7 damage. Channel 1 Lightning.	images/1024Portraits/blue/attack/ball_lightning.png	7	0	1	false	false	src/main/java/com/megacrit/cardcrawl/cards/blue/BallLightning.java	false
Ball Lightning+	Ball Lightning+	DEFECT	ATTACK	1	Deal 10 damage. Channel 1 Lightning.	images/1024Portraits/blue/attack/ball_lightning.png	10	0	1	false	false	src/main/java/com/megacrit/cardcrawl/cards/blue/BallLightning.java	false
Cold Snap	Cold Snap	DEFECT	ATTACK	1	Deal 6 damage. Channel 1 Frost.	images/1024Portraits/blue/attack/cold_snap.png	6	0	1	false	false	src/main/java/com/megacrit/cardcrawl/cards/blue/ColdSnap.java	false
Cold Snap+	Cold Snap+	DEFECT	ATTACK	1	Deal 9 damage. Channel 1 Frost.	images/1024Portraits/blue/attack/cold_snap.png	9	0	1	false	false	src/main/java/com/megacrit/cardcrawl/cards/blue/ColdSnap.java	false
Beam Cell	Beam Cell	DEFECT	ATTACK	0	Deal 3 damage. Apply 1 Vulnerable.	images/1024Portraits/blue/attack/beam_cell.png	3	0	1	false	false	src/main/java/com/megacrit/cardcrawl/cards/blue/BeamCell.java	false
Beam Cell+	Beam Cell+	DEFECT	ATTACK	0	Deal 4 damage. Apply 2 Vulnerable.	images/1024Portraits/blue/attack/beam_cell.png	4	0	2	false	false	src/main/java/com/megacrit/cardcrawl/cards/blue/BeamCell.java	false
Leap	Leap	DEFECT	SKILL	1	Gain 9 Block.	images/1024Portraits/blue/skill/leap.png	0	9	0	false	false	src/main/java/com/megacrit/cardcrawl/cards/blue/Leap.java	false
Leap+	Leap+	DEFECT	SKILL	1	Gain 12 Block.	images/1024Portraits/blue/skill/leap.png	0	12	0	false	false	src/main/java/com/megacrit/cardcrawl/cards/blue/Leap.java	false
Defragment	Defragment	DEFECT	POWER	1	Gain 1 Focus.	images/1024Portraits/blue/power/defragment.png	0	0	1	false	false	src/main/java/com/megacrit/cardcrawl/cards/blue/Defragment.java	false
Defragment+	Defragment+	DEFECT	POWER	1	Gain 2 Focus.	images/1024Portraits/blue/power/defragment.png	0	0	2	false	false	src/main/java/com/megacrit/cardcrawl/cards/blue/Defragment.java	false
Capacitor	Capacitor	DEFECT	POWER	1	Gain 2 Orb slots.	images/1024Portraits/blue/power/capacitor.png	0	0	2	false	false	src/main/java/com/megacrit/cardcrawl/cards/blue/Capacitor.java	false
Capacitor+	Capacitor+	DEFECT	POWER	1	Gain 3 Orb slots.	images/1024Portraits/blue/power/capacitor.png	0	0	3	false	false	src/main/java/com/megacrit/cardcrawl/cards/blue/Capacitor.java	false
Glacier	Glacier	DEFECT	SKILL	2	Gain 7 Block. Channel 2 Frost.	images/1024Portraits/blue/skill/glacier.png	0	7	2	false	false	src/main/java/com/megacrit/cardcrawl/cards/blue/Glacier.java	false
Glacier+	Glacier+	DEFECT	SKILL	2	Gain 10 Block. Channel 2 Frost.	images/1024Portraits/blue/skill/glacier.png	0	10	2	false	false	src/main/java/com/megacrit/cardcrawl/cards/blue/Glacier.java	false
Compile Driver	Compile Driver	DEFECT	ATTACK	1	Deal 7 damage. Draw 1 card for each unique Orb you have.	images/1024Portraits/blue/attack/compile_driver.png	7	0	1	false	false	src/main/java/com/megacrit/cardcrawl/cards/blue/CompileDriver.java	false
Compile Driver+	Compile Driver+	DEFECT	ATTACK	1	Deal 10 damage. Draw 1 card for each unique Orb you have.	images/1024Portraits/blue/attack/compile_driver.png	10	0	1	false	false	src/main/java/com/megacrit/cardcrawl/cards/blue/CompileDriver.java	false
Chill	Chill	DEFECT	SKILL	0	Channel 1 Frost for each enemy in combat. Exhaust.	images/1024Portraits/blue/skill/chill.png	0	0	1	true	false	src/main/java/com/megacrit/cardcrawl/cards/blue/Chill.java	false
Chill+	Chill+	DEFECT	SKILL	0	Innate. Channel 1 Frost for each enemy in combat. Exhaust.	images/1024Portraits/blue/skill/chill.png	0	0	1	true	true	src/main/java/com/megacrit/cardcrawl/cards/blue/Chill.java	false
Darkness	Darkness	DEFECT	SKILL	1	Channel 1 Dark.	images/1024Portraits/blue/skill/darkness.png	0	0	1	false	false	src/main/java/com/megacrit/cardcrawl/cards/blue/Darkness.java	false
Darkness+	Darkness+	DEFECT	SKILL	1	Channel 1 Dark. Trigger the passive ability of all Dark orbs.	images/1024Portraits/blue/skill/darkness.png	0	0	1	false	false	src/main/java/com/megacrit/cardcrawl/cards/blue/Darkness.java	false
Chaos	Chaos	DEFECT	SKILL	1	Channel 1 random Orb.	images/1024Portraits/blue/skill/chaos.png	0	0	1	false	false	src/main/java/com/megacrit/cardcrawl/cards/blue/Chaos.java	false
Chaos+	Chaos+	DEFECT	SKILL	1	Channel 2 random Orbs.	images/1024Portraits/blue/skill/chaos.png	0	0	2	false	false	src/main/java/com/megacrit/cardcrawl/cards/blue/Chaos.java	false
Conserve Battery	Charge Battery	DEFECT	SKILL	1	Gain 7 Block. Next turn, gain Energy.	images/1024Portraits/blue/skill/charge_battery.png	0	7	0	false	false	src/main/java/com/megacrit/cardcrawl/cards/blue/ConserveBattery.java	false
Conserve Battery+	Charge Battery+	DEFECT	SKILL	1	Gain 10 Block. Next turn, gain Energy.	images/1024Portraits/blue/skill/charge_battery.png	0	10	0	false	false	src/main/java/com/megacrit/cardcrawl/cards/blue/ConserveBattery.java	false
Melter	Melter	DEFECT	ATTACK	1	Remove all Block from the enemy. Deal 10 damage.	images/1024Portraits/blue/attack/melter.png	10	0	0	false	false	src/main/java/com/megacrit/cardcrawl/cards/blue/Melter.java	false
Melter+	Melter+	DEFECT	ATTACK	1	Remove all Block from the enemy. Deal 14 damage.	images/1024Portraits/blue/attack/melter.png	14	0	0	false	false	src/main/java/com/megacrit/cardcrawl/cards/blue/Melter.java	false
Sweeping Beam	Sweeping Beam	DEFECT	ATTACK	1	Deal 6 damage to ALL enemies. Draw 1 card.	images/1024Portraits/blue/attack/sweeping_beam.png	6	0	1	false	false	src/main/java/com/megacrit/cardcrawl/cards/blue/SweepingBeam.java	false
Sweeping Beam+	Sweeping Beam+	DEFECT	ATTACK	1	Deal 9 damage to ALL enemies. Draw 1 card.	images/1024Portraits/blue/attack/sweeping_beam.png	9	0	1	false	false	src/main/java/com/megacrit/cardcrawl/cards/blue/SweepingBeam.java	false
Rip and Tear	Rip and Tear	DEFECT	ATTACK	1	Deal 7 damage to a random enemy twice.	images/1024Portraits/blue/attack/rip_and_tear.png	7	0	2	false	false	src/main/java/com/megacrit/cardcrawl/cards/blue/RipAndTear.java	false
Rip and Tear+	Rip and Tear+	DEFECT	ATTACK	1	Deal 9 damage to a random enemy twice.	images/1024Portraits/blue/attack/rip_and_tear.png	9	0	2	false	false	src/main/java/com/megacrit/cardcrawl/cards/blue/RipAndTear.java	false
Doom and Gloom	Doom and Gloom	DEFECT	ATTACK	2	Deal 10 damage to ALL enemies. Channel 1 Dark.	images/1024Portraits/blue/attack/doom_and_gloom.png	10	0	1	false	false	src/main/java/com/megacrit/cardcrawl/cards/blue/DoomAndGloom.java	false
Doom and Gloom+	Doom and Gloom+	DEFECT	ATTACK	2	Deal 14 damage to ALL enemies. Channel 1 Dark.	images/1024Portraits/blue/attack/doom_and_gloom.png	14	0	1	false	false	src/main/java/com/megacrit/cardcrawl/cards/blue/DoomAndGloom.java	false
Auto Shields	Auto-Shields	DEFECT	SKILL	1	If you have no Block, gain 11 Block.	images/1024Portraits/blue/skill/auto_shields.png	0	11	0	false	false	src/main/java/com/megacrit/cardcrawl/cards/blue/AutoShields.java	false
Auto Shields+	Auto-Shields+	DEFECT	SKILL	1	If you have no Block, gain 15 Block.	images/1024Portraits/blue/skill/auto_shields.png	0	15	0	false	false	src/main/java/com/megacrit/cardcrawl/cards/blue/AutoShields.java	false
Fission	Fission	DEFECT	SKILL	0	Remove all your Orbs. Gain Energy and draw 1 card for each Orb removed. Exhaust.	images/1024Portraits/blue/skill/fission.png	0	0	1	true	false	src/main/java/com/megacrit/cardcrawl/cards/blue/Fission.java	false
Fission+	Fission+	DEFECT	SKILL	0	Evoke all your Orbs. Gain Energy and draw 1 card for each Orb Evoked. Exhaust.	images/1024Portraits/blue/skill/fission.png	0	0	1	true	false	src/main/java/com/megacrit/cardcrawl/cards/blue/Fission.java	false
Fusion	Fusion	DEFECT	SKILL	2	Channel 1 Plasma.	images/1024Portraits/blue/skill/fusion.png	0	0	1	false	false	src/main/java/com/megacrit/cardcrawl/cards/blue/Fusion.java	false
Fusion+	Fusion+	DEFECT	SKILL	1	Channel 1 Plasma.	images/1024Portraits/blue/skill/fusion.png	0	0	1	false	false	src/main/java/com/megacrit/cardcrawl/cards/blue/Fusion.java	false
Coolheaded	Coolheaded	DEFECT	SKILL	1	Channel 1 Frost. Draw 1 card.	images/1024Portraits/blue/skill/coolheaded.png	0	0	1	false	false	src/main/java/com/megacrit/cardcrawl/cards/blue/Coolheaded.java	false
Coolheaded+	Coolheaded+	DEFECT	SKILL	1	Channel 1 Frost. Draw 2 cards.	images/1024Portraits/blue/skill/coolheaded.png	0	0	2	false	false	src/main/java/com/megacrit/cardcrawl/cards/blue/Coolheaded.java	false
Skim	Skim	DEFECT	SKILL	1	Draw 3 cards.	images/1024Portraits/blue/skill/skim.png	0	0	3	false	false	src/main/java/com/megacrit/cardcrawl/cards/blue/Skim.java	false
Skim+	Skim+	DEFECT	SKILL	1	Draw 4 cards.	images/1024Portraits/blue/skill/skim.png	0	0	4	false	false	src/main/java/com/megacrit/cardcrawl/cards/blue/Skim.java	false
Aggregate	Aggregate	DEFECT	SKILL	1	Gain Energy for every 4 cards in your draw pile.	images/1024Portraits/blue/skill/aggregate.png	0	0	4	false	false	src/main/java/com/megacrit/cardcrawl/cards/blue/Aggregate.java	false
Aggregate+	Aggregate+	DEFECT	SKILL	1	Gain Energy for every 3 cards in your draw pile.	images/1024Portraits/blue/skill/aggregate.png	0	0	3	false	false	src/main/java/com/megacrit/cardcrawl/cards/blue/Aggregate.java	false
Double Energy	Double Energy	DEFECT	SKILL	1	Double your Energy. Exhaust.	images/1024Portraits/blue/skill/double_energy.png	0	0	0	true	false	src/main/java/com/megacrit/cardcrawl/cards/blue/DoubleEnergy.java	false
Double Energy+	Double Energy+	DEFECT	SKILL	0	Double your Energy. Exhaust.	images/1024Portraits/blue/skill/double_energy.png	0	0	0	true	false	src/main/java/com/megacrit/cardcrawl/cards/blue/DoubleEnergy.java	false
Redo	Recursion	DEFECT	SKILL	1	Evoke your next Orb. Channel the Orb that was just Evoked.	images/1024Portraits/blue/skill/recursion.png	0	0	0	false	false	src/main/java/com/megacrit/cardcrawl/cards/blue/Recursion.java	false
Redo+	Recursion+	DEFECT	SKILL	0	Evoke your next Orb. Channel the Orb that was just Evoked.	images/1024Portraits/blue/skill/recursion.png	0	0	0	false	false	src/main/java/com/megacrit/cardcrawl/cards/blue/Recursion.java	false
Consume	Consume	DEFECT	SKILL	2	Gain 2 Focus. Lose 1 Orb slot.	images/1024Portraits/blue/skill/consume.png	0	0	2	false	false	src/main/java/com/megacrit/cardcrawl/cards/blue/Consume.java	false
Consume+	Consume+	DEFECT	SKILL	2	Gain 3 Focus. Lose 1 Orb slot.	images/1024Portraits/blue/skill/consume.png	0	0	3	false	false	src/main/java/com/megacrit/cardcrawl/cards/blue/Consume.java	false
Loop	Loop	DEFECT	POWER	1	At the start of your turn, trigger the passive ability of your next Orb.	images/1024Portraits/blue/power/loop.png	0	0	1	false	false	src/main/java/com/megacrit/cardcrawl/cards/blue/Loop.java	false
Loop+	Loop+	DEFECT	POWER	1	At the start of your turn, trigger the passive ability of your next Orb 2 times.	images/1024Portraits/blue/power/loop.png	0	0	2	false	false	src/main/java/com/megacrit/cardcrawl/cards/blue/Loop.java	false
Electrodynamics	Electrodynamics	DEFECT	POWER	2	Lightning now hits ALL enemies. Channel 2 Lightning.	images/1024Portraits/blue/power/electrodynamics.png	0	0	2	false	false	src/main/java/com/megacrit/cardcrawl/cards/blue/Electrodynamics.java	false
Electrodynamics+	Electrodynamics+	DEFECT	POWER	2	Lightning now hits ALL enemies. Channel 3 Lightning.	images/1024Portraits/blue/power/electrodynamics.png	0	0	3	false	false	src/main/java/com/megacrit/cardcrawl/cards/blue/Electrodynamics.java	false
Static Discharge	Static Discharge	DEFECT	POWER	1	Whenever you receive unblocked attack damage, Channel 1 Lightning.	images/1024Portraits/blue/power/static_discharge.png	0	0	1	false	false	src/main/java/com/megacrit/cardcrawl/cards/blue/StaticDischarge.java	false
Static Discharge+	Static Discharge+	DEFECT	POWER	1	Whenever you receive unblocked attack damage, Channel 2 Lightning.	images/1024Portraits/blue/power/static_discharge.png	0	0	2	false	false	src/main/java/com/megacrit/cardcrawl/cards/blue/StaticDischarge.java	false
Biased Cognition	Biased Cognition	DEFECT	POWER	1	Gain 4 Focus. At the start of your turn, lose 1 Focus.	images/1024Portraits/blue/power/biased_cognition.png	0	0	4	false	false	src/main/java/com/megacrit/cardcrawl/cards/blue/BiasedCognition.java	false
Biased Cognition+	Biased Cognition+	DEFECT	POWER	1	Gain 5 Focus. At the start of your turn, lose 1 Focus.	images/1024Portraits/blue/power/biased_cognition.png	0	0	5	false	false	src/main/java/com/megacrit/cardcrawl/cards/blue/BiasedCognition.java	false
Buffer	Buffer	DEFECT	POWER	2	Prevent the next time you would lose HP.	images/1024Portraits/blue/power/buffer.png	0	0	1	false	false	src/main/java/com/megacrit/cardcrawl/cards/blue/Buffer.java	false
Buffer+	Buffer+	DEFECT	POWER	2	Prevent the next 2 times you would lose HP.	images/1024Portraits/blue/power/buffer.png	0	0	2	false	false	src/main/java/com/megacrit/cardcrawl/cards/blue/Buffer.java	false
Heatsinks	Heatsinks	DEFECT	POWER	1	Whenever you play a Power card, draw 1 card.	images/1024Portraits/blue/power/heatsinks.png	0	0	1	false	false	src/main/java/com/megacrit/cardcrawl/cards/blue/Heatsinks.java	false
Heatsinks+	Heatsinks+	DEFECT	POWER	1	Whenever you play a Power card, draw 2 cards.	images/1024Portraits/blue/power/heatsinks.png	0	0	2	false	false	src/main/java/com/megacrit/cardcrawl/cards/blue/Heatsinks.java	false
Machine Learning	Machine Learning	DEFECT	POWER	1	At the start of your turn, draw 1 additional card.	images/1024Portraits/blue/power/machine_learning.png	0	0	1	false	false	src/main/java/com/megacrit/cardcrawl/cards/blue/MachineLearning.java	false
Machine Learning+	Machine Learning+	DEFECT	POWER	1	Innate. At the start of your turn, draw 1 additional card.	images/1024Portraits/blue/power/machine_learning.png	0	0	1	false	true	src/main/java/com/megacrit/cardcrawl/cards/blue/MachineLearning.java	false
Storm	Storm	DEFECT	POWER	1	Whenever you play a Power card, Channel 1 Lightning.	images/1024Portraits/blue/power/storm.png	0	0	1	false	false	src/main/java/com/megacrit/cardcrawl/cards/blue/Storm.java	false
Storm+	Storm+	DEFECT	POWER	1	Innate. Whenever you play a Power card, Channel 1 Lightning.	images/1024Portraits/blue/power/storm.png	0	0	1	false	true	src/main/java/com/megacrit/cardcrawl/cards/blue/Storm.java	false
Finesse	Finesse		SKILL	0	Gain 2 Block. Draw 1 card.	images/1024Portraits/colorless/skill/finesse.png	0	2	0	false	false	src/main/java/com/megacrit/cardcrawl/cards/colorless/Finesse.java	false
Finesse+	Finesse+		SKILL	0	Gain 4 Block. Draw 1 card.	images/1024Portraits/colorless/skill/finesse.png	0	4	0	false	false	src/main/java/com/megacrit/cardcrawl/cards/colorless/Finesse.java	false
Flash of Steel	Flash of Steel		ATTACK	0	Deal 3 damage. Draw 1 card.	images/1024Portraits/colorless/attack/flash_of_steel.png	3	0	0	false	false	src/main/java/com/megacrit/cardcrawl/cards/colorless/FlashOfSteel.java	false
Flash of Steel+	Flash of Steel+		ATTACK	0	Deal 6 damage. Draw 1 card.	images/1024Portraits/colorless/attack/flash_of_steel.png	6	0	0	false	false	src/main/java/com/megacrit/cardcrawl/cards/colorless/FlashOfSteel.java	false
Good Instincts	Good Instincts		SKILL	0	Gain 6 Block.	images/1024Portraits/colorless/skill/good_instincts.png	0	6	0	false	false	src/main/java/com/megacrit/cardcrawl/cards/colorless/GoodInstincts.java	false
Good Instincts+	Good Instincts+		SKILL	0	Gain 9 Block.	images/1024Portraits/colorless/skill/good_instincts.png	0	9	0	false	false	src/main/java/com/megacrit/cardcrawl/cards/colorless/GoodInstincts.java	false
Dramatic Entrance	Dramatic Entrance		ATTACK	0	Innate. Deal 8 damage to ALL enemies. Exhaust.	images/1024Portraits/colorless/attack/dramatic_entrance.png	8	0	0	true	true	src/main/java/com/megacrit/cardcrawl/cards/colorless/DramaticEntrance.java	false
Dramatic Entrance+	Dramatic Entrance+		ATTACK	0	Innate. Deal 12 damage to ALL enemies. Exhaust.	images/1024Portraits/colorless/attack/dramatic_entrance.png	12	0	0	true	true	src/main/java/com/megacrit/cardcrawl/cards/colorless/DramaticEntrance.java	false
Bandage Up	Bandage Up		SKILL	0	Heal 4 HP. Exhaust.	images/1024Portraits/colorless/skill/bandage_up.png	0	0	4	true	false	src/main/java/com/megacrit/cardcrawl/cards/colorless/BandageUp.java	false
Bandage Up+	Bandage Up+		SKILL	0	Heal 6 HP. Exhaust.	images/1024Portraits/colorless/skill/bandage_up.png	0	0	6	true	false	src/main/java/com/megacrit/cardcrawl/cards/colorless/BandageUp.java	false
Panacea	Panacea		SKILL	0	Gain 1 Artifact. Exhaust.	images/1024Portraits/colorless/skill/panacea.png	0	0	1	true	false	src/main/java/com/megacrit/cardcrawl/cards/colorless/Panacea.java	false
Panacea+	Panacea+		SKILL	0	Gain 2 Artifact. Exhaust.	images/1024Portraits/colorless/skill/panacea.png	0	0	2	true	false	src/main/java/com/megacrit/cardcrawl/cards/colorless/Panacea.java	false
Trip	Trip		SKILL	0	Apply 2 Vulnerable.	images/1024Portraits/colorless/skill/trip.png	0	0	2	false	false	src/main/java/com/megacrit/cardcrawl/cards/colorless/Trip.java	false
Trip+	Trip+		SKILL	0	Apply 2 Vulnerable to ALL enemies.	images/1024Portraits/colorless/skill/trip.png	0	0	2	false	false	src/main/java/com/megacrit/cardcrawl/cards/colorless/Trip.java	false
Blind	Blind		SKILL	0	Apply 2 Weak.	images/1024Portraits/colorless/skill/blind.png	0	0	2	false	false	src/main/java/com/megacrit/cardcrawl/cards/colorless/Blind.java	false
Blind+	Blind+		SKILL	0	Apply 2 Weak to ALL enemies.	images/1024Portraits/colorless/skill/blind.png	0	0	2	false	false	src/main/java/com/megacrit/cardcrawl/cards/colorless/Blind.java	false
Swift Strike	Swift Strike		ATTACK	0	Deal 7 damage.	images/1024Portraits/colorless/attack/swift_strike.png	7	0	0	false	false	src/main/java/com/megacrit/cardcrawl/cards/colorless/SwiftStrike.java	false
Swift Strike+	Swift Strike+		ATTACK	0	Deal 10 damage.	images/1024Portraits/colorless/attack/swift_strike.png	10	0	0	false	false	src/main/java/com/megacrit/cardcrawl/cards/colorless/SwiftStrike.java	false
Master of Strategy	Master of Strategy		SKILL	0	Draw 3 cards. Exhaust.	images/1024Portraits/colorless/skill/master_of_strategy.png	0	0	3	true	false	src/main/java/com/megacrit/cardcrawl/cards/colorless/MasterOfStrategy.java	false
Master of Strategy+	Master of Strategy+		SKILL	0	Draw 4 cards. Exhaust.	images/1024Portraits/colorless/skill/master_of_strategy.png	0	0	4	true	false	src/main/java/com/megacrit/cardcrawl/cards/colorless/MasterOfStrategy.java	false
Deep Breath	Deep Breath		SKILL	0	Shuffle your discard pile into your draw pile. Draw 1 card.	images/1024Portraits/colorless/skill/deep_breath.png	0	0	1	false	false	src/main/java/com/megacrit/cardcrawl/cards/colorless/DeepBreath.java	false
Deep Breath+	Deep Breath+		SKILL	0	Shuffle your discard pile into your draw pile. Draw 2 cards.	images/1024Portraits/colorless/skill/deep_breath.png	0	0	2	false	false	src/main/java/com/megacrit/cardcrawl/cards/colorless/DeepBreath.java	false
Dark Shackles	Dark Shackles		SKILL	0	Enemy loses 9 Strength this turn. Exhaust.	images/1024Portraits/colorless/skill/dark_shackles.png	0	0	9	true	false	src/main/java/com/megacrit/cardcrawl/cards/colorless/DarkShackles.java	false
Dark Shackles+	Dark Shackles+		SKILL	0	Enemy loses 15 Strength this turn. Exhaust.	images/1024Portraits/colorless/skill/dark_shackles.png	0	0	15	true	false	src/main/java/com/megacrit/cardcrawl/cards/colorless/DarkShackles.java	false
Impatience	Impatience		SKILL	0	If you have no Attacks in your hand, draw 2 cards.	images/1024Portraits/colorless/skill/impatience.png	0	0	2	false	false	src/main/java/com/megacrit/cardcrawl/cards/colorless/Impatience.java	false
Impatience+	Impatience+		SKILL	0	If you have no Attacks in your hand, draw 3 cards.	images/1024Portraits/colorless/skill/impatience.png	0	0	3	false	false	src/main/java/com/megacrit/cardcrawl/cards/colorless/Impatience.java	false
Apotheosis	Apotheosis		SKILL	2	Upgrade ALL your cards for the rest of combat. Exhaust.	images/1024Portraits/colorless/skill/apotheosis.png	0	0	0	true	false	src/main/java/com/megacrit/cardcrawl/cards/colorless/Apotheosis.java	false
Apotheosis+	Apotheosis+		SKILL	1	Upgrade ALL your cards for the rest of combat. Exhaust.	images/1024Portraits/colorless/skill/apotheosis.png	0	0	0	true	false	src/main/java/com/megacrit/cardcrawl/cards/colorless/Apotheosis.java	false
Panache	Panache		POWER	0	Every time you play 5 cards in a single turn, deal 10 damage to ALL enemies.	images/1024Portraits/colorless/power/panache.png	0	0	10	false	false	src/main/java/com/megacrit/cardcrawl/cards/colorless/Panache.java	false
Panache+	Panache+		POWER	0	Every time you play 5 cards in a single turn, deal 14 damage to ALL enemies.	images/1024Portraits/colorless/power/panache.png	0	0	14	false	false	src/main/java/com/megacrit/cardcrawl/cards/colorless/Panache.java	false
Sadistic Nature	Sadistic Nature		POWER	0	Whenever you apply a debuff to an enemy, they take 5 damage.	images/1024Portraits/colorless/power/sadistic_nature.png	0	0	5	false	false	src/main/java/com/megacrit/cardcrawl/cards/colorless/SadisticNature.java	false
Sadistic Nature+	Sadistic Nature+		POWER	0	Whenever you apply a debuff to an enemy, they take 7 damage.	images/1024Portraits/colorless/power/sadistic_nature.png	0	0	7	false	false	src/main/java/com/megacrit/cardcrawl/cards/colorless/SadisticNature.java	false
